Metric,Value1,Value2,Value3
Temperature,24.99,6.156082067,44.23356139
Distance,124.47,50.00853254,199.9940823
Battery,55.31,10.03341466,99.99695748
Humidity,49.64,20.00598363,79.99522669
Max Temperature Time,01-09-2025 13:48,44.23356139
Battery < 30% Count,2215
